run_id,backend,resolution,sign,magnitude,delta,residual_infinity_norm,residual_l2_norm,floor,floor_separation,fit_eligible
C1V-G1.1-20260803-001,independent,50,-1,0.08,-0.08,0.0019177257687534865,0.0030906836525001562,9.560929730164828e-09,200579.42301396094,true
C1V-G1.1-20260803-001,independent,50,-1,0.04,-0.04,0.0004682013140284713,0.0007626446731195447,9.560929730164828e-09,48970.27038607883,true
C1V-G1.1-20260803-001,independent,50,-1,0.02,-0.02,0.00011569512988762742,0.00018945597245746413,9.560929730164828e-09,12100.824203592685,true
C1V-G1.1-20260803-001,independent,50,-1,0.01,-0.01,2.876028095200045e-05,4.722024144521258e-05,9.560929730164828e-09,3008.1050445608316,true
C1V-G1.1-20260803-001,independent,50,-1,0.005,-0.005,7.172944415323457e-06,1.1791464871081919e-05,9.560929730164828e-09,750.2350312954133,true
C1V-G1.1-20260803-001,independent,50,-1,0.0025,-0.0025,1.7942462706699303e-06,2.9503942650234353e-06,9.560929730164828e-09,187.66441353596247,true
C1V-G1.1-20260803-001,independent,50,-1,0.00125,-0.00125,4.5182740193716597e-07,7.421753920028081e-07,9.560929730164828e-09,47.25768462785016,false
C1V-G1.1-20260803-001,independent,50,1,0.08,0.08,0.0018329063929084597,0.002941094721758696,9.560929730164828e-09,191707.96613279375,true
C1V-G1.1-20260803-001,independent,50,1,0.04,0.04,0.00045777509277183487,0.0007439611381499219,9.560929730164828e-09,47879.76752172437,true
C1V-G1.1-20260803-001,independent,50,1,0.02,0.02,0.00011440238922471784,0.00018712089645643893,9.560929730164828e-09,11965.613434410794,true
C1V-G1.1-20260803-001,independent,50,1,0.01,0.01,2.8599296105026107e-05,4.692831750414525e-05,9.560929730164828e-09,2991.2672629310355,true
C1V-G1.1-20260803-001,independent,50,1,0.005,0.005,7.152843788658518e-06,1.1754953781071933e-05,9.560929730164828e-09,748.1326597445042,true
C1V-G1.1-20260803-001,independent,50,1,0.0025,0.0025,1.79172756382939e-06,2.945820220766892e-06,9.560929730164828e-09,187.40097609717512,true
C1V-G1.1-20260803-001,independent,50,1,0.00125,0.00125,4.5150826906212104e-07,7.415982643298706e-07,9.560929730164828e-09,47.22430577411399,false
C1V-G1.1-20260803-001,independent,100,-1,0.08,-0.08,0.0019177209137795082,0.0030906773431350846,5.976472921013429e-10,3208783.7410536124,true
C1V-G1.1-20260803-001,independent,100,-1,0.04,-0.04,0.00046819664968178465,0.0007626385156231835,5.976472921013429e-10,783399.6001815611,true
C1V-G1.1-20260803-001,independent,100,-1,0.02,-0.02,0.00011569055809079742,0.00018944989321666937,5.976472921013429e-10,193576.64565671587,true
C1V-G1.1-20260803-001,independent,100,-1,0.01,-0.01,2.8755755184350917e-05,4.7214201833411765e-05,5.976472921013429e-10,48114.92591766786,true
C1V-G1.1-20260803-001,independent,100,-1,0.005,-0.005,7.168443512006739e-06,1.1785445431895233e-05,5.976472921013429e-10,11994.438202509564,true
C1V-G1.1-20260803-001,independent,100,-1,0.0025,-0.0025,1.7897556321422314e-06,2.944371196627716e-06,5.976472921013429e-10,2994.6686880307043,true
C1V-G1.1-20260803-001,independent,100,-1,0.00125,-0.00125,4.4734127535583923e-07,7.361074256469339e-07,5.976472921013429e-10,748.5038103041948,true
C1V-G1.1-20260803-001,independent,100,1,0.08,0.08,0.0018329020623104135,0.0029410890482326076,5.976472921013429e-10,3066862.4898573267,true
C1V-G1.1-20260803-001,independent,100,1,0.04,0.04,0.00045777068535115964,0.0007439552998920907,5.976472921013429e-10,765954.587933673,true
C1V-G1.1-20260803-001,independent,100,1,0.02,0.02,0.00011439794405520873,0.00018711497624893686,5.976472921013429e-10,191413.80805555513,true
C1V-G1.1-20260803-001,independent,100,1,0.01,0.01,2.8594831950415806e-05,4.692235546961628e-05,5.976472921013429e-10,47845.66470614409,true
C1V-G1.1-20260803-001,independent,100,1,0.005,0.005,7.14836807528454e-06,1.1748965227046914e-05,5.976472921013429e-10,11960.84742582987,true
C1V-G1.1-20260803-001,independent,100,1,0.0025,0.0025,1.7872484271895827e-06,2.9398111452055498e-06,5.976472921013429e-10,2990.4735632710263,true
C1V-G1.1-20260803-001,independent,100,1,0.00125,0.00125,4.4702791535992215e-07,7.355374388389569e-07,5.976472921013429e-10,747.9794876810381,true
C1V-G1.1-20260803-001,reference,400,-1,0.08,-0.08,0.0019177206250587941,0.003090676966333053,6.22606480260101e-12,308014883.5356876,true
C1V-G1.1-20260803-001,reference,400,-1,0.04,-0.04,0.0004681963579988846,0.0007626381295476909,6.22606480260101e-12,75199403.28974575,true
C1V-G1.1-20260803-001,reference,400,-1,0.02,-0.02,0.00011569026449087527,0.00018944950225922895,6.22606480260101e-12,18581603.01231435,true
C1V-G1.1-20260803-001,reference,400,-1,0.01,-0.01,2.8755460428131485e-05,4.721380823452545e-05,6.22606480260101e-12,4618561.0557921855,true
C1V-G1.1-20260803-001,reference,400,-1,0.005,-0.005,7.168147745151288e-06,1.1785049900388161e-05,6.22606480260101e-12,1151312.7428671657,true
C1V-G1.1-20260803-001,reference,400,-1,0.0025,-0.0025,1.7894597745815588e-06,2.9439752642485294e-06,6.22606480260101e-12,287414.25464026514,true
C1V-G1.1-20260803-001,reference,400,-1,0.00125,-0.00125,4.470454947336222e-07,7.357112949842189e-07,6.22606480260101e-12,71802.25534222898,true
C1V-G1.1-20260803-001,reference,400,1,0.08,0.08,0.0018329017566346554,0.002941088630480365,6.22606480260101e-12,294391692.78625876,true
C1V-G1.1-20260803-001,reference,400,1,0.04,0.04,0.0004577703850562905,0.0007439548935060611,6.22606480260101e-12,73524834.63793239,true
C1V-G1.1-20260803-001,reference,400,1,0.02,0.02,0.00011439764621795623,0.00018711457530701698,6.22606480260101e-12,18373989.00348183,true
C1V-G1.1-20260803-001,reference,400,1,0.01,0.01,2.8594535341244534e-05,4.692195727621503e-05,6.22606480260101e-12,4592714.057408917,true
C1V-G1.1-20260803-001,reference,400,1,0.005,0.005,7.148072493586004e-06,1.1748568993404197e-05,6.22606480260101e-12,1148088.3543967956,true
C1V-G1.1-20260803-001,reference,400,1,0.0025,0.0025,1.7869528770781338e-06,2.939415163090608e-06,6.22606480260101e-12,287011.6090554685,true
C1V-G1.1-20260803-001,reference,400,1,0.00125,0.00125,4.467322869047255e-07,7.351412811867531e-07,6.22606480260101e-12,71751.94943652015,true
C1V-G1.1-20260803-001,reference,800,-1,0.08,-0.08,0.0019177206219981313,0.0030906769624034283,3.8990772416312213e-13,4918396079.775614,true
C1V-G1.1-20260803-001,reference,800,-1,0.04,-0.04,0.00046819635500938706,0.0007626381256245533,3.8990772416312213e-13,1200787586.381623,true
C1V-G1.1-20260803-001,reference,800,-1,0.02,-0.02,0.00011569026153512851,0.0001894494983406091,3.8990772416312213e-13,296711899.67687905,true
C1V-G1.1-20260803-001,reference,800,-1,0.01,-0.01,2.875545749136954e-05,4.721380432169729e-05,3.8990772416312213e-13,73749391.73900382,true
C1V-G1.1-20260803-001,reference,800,-1,0.005,-0.005,7.168144817271127e-06,1.1785045990050838e-05,3.8990772416312213e-13,18384208.29609484,true
C1V-G1.1-20260803-001,reference,800,-1,0.0025,-0.0025,1.7894568529186472e-06,2.9439713572156214e-06,3.8990772416312213e-13,4589436.787279465,true
C1V-G1.1-20260803-001,reference,800,-1,0.00125,-0.00125,4.470425737368444e-07,7.357073869007686e-07,3.8990772416312213e-13,1146534.2849935933,true
C1V-G1.1-20260803-001,reference,800,1,0.08,0.08,0.00183290175372972,0.002941088626634075,3.8990772416312213e-13,4700860332.181841,true
C1V-G1.1-20260803-001,reference,800,1,0.04,0.04,0.0004577703821437355,0.0007439548896257923,3.8990772416312213e-13,1174047995.9104948,true
C1V-G1.1-20260803-001,reference,800,1,0.02,0.02,0.00011439764330383424,0.00018711457141421488,3.8990772416312213e-13,293396709.5660171,true
C1V-G1.1-20260803-001,reference,800,1,0.01,0.01,2.859453242465777e-05,4.6921953375592075e-05,3.8990772416312213e-13,73336665.70989738,true
C1V-G1.1-20260803-001,reference,800,1,0.005,0.005,7.1480695739913325e-06,1.1748565087316914e-05,3.8990772416312213e-13,18332721.131220423,true
C1V-G1.1-20260803-001,reference,800,1,0.0025,0.0025,1.7869499582225856e-06,2.93941125665022e-06,3.8990772416312213e-13,4583007.330921702,true
C1V-G1.1-20260803-001,reference,800,1,0.00125,0.00125,4.4672936631009353e-07,7.351373722743563e-07,3.8990772416312213e-13,1145730.9989663078,true
